{
  "members" : [
	{
       "firstName": "Maria",
       "lastName": "Nathasya",
       "gender": "female",
       "age": 20,
       "nim": "2211104008"
    },
    {
       "firstName": "Aubrey",
       "lastName": "Rayhan",
       "gender": "male",
       "age": 20,
       "nim": "2211104010"
    },
    {
       "firstName": "Syahrul",
       "lastName": "Zaki",
       "gender": "male",
       "age": 21,
       "nim": "2211104014"
    },
	{
       "firstName": "Wahyu",
       "lastName": "Isnantia",
       "gender": "male",
       "age": 20,
       "nim": "2211104021"
    },
  ]
}